,batch_size,resize_factor,frozen_epochs,unfrozen_epochs,frozen_lr,unfrozen_lr,base,erode_dilate,ratio_split,base_lower_bound,base_upper_bound,base_factors,erode_dilate_lower_bound,erode_dilate_upper_bound,erode_dilate_factors,erode_dilate_iterations,ratio_split_lower_bound,ratio_split_upper_bound,iou,wrong_count,kfold_split
0,8,2,2,3,0.001,"slice(0.0001, 0.0002, None)",True,True,True,7,70,"[0.1, 0.01]",7,70,"[0.1, 0.01]",40,0.7,1.5,0.8266739862045469,47,0
1,8,2,2,3,0.001,"slice(0.0001, 0.0002, None)",True,True,True,7,70,"[0.1, 0.01]",7,70,"[0.1, 0.01]",40,0.9,1.5,0.7435587603218129,72,1
2,8,2,2,3,0.001,"slice(0.0001, 0.0002, None)",True,True,True,7,70,"[0.1, 0.01]",7,70,"[0.1, 0.01]",100,0.7,1.5,0.8403921403731214,48,2
3,8,2,2,3,0.001,"slice(0.0001, 0.0002, None)",True,True,True,7,70,"[0.1, 0.01]",7,70,"[0.1, 0.01]",100,0.9,1.5,0.7690877612327337,73,3
4,8,2,2,3,0.001,"slice(0.0001, 0.0002, None)",True,True,True,7,70,"[0.1, 0.01]",7,70,"[0.1, 0.01]",40,0.7,1.5,0.703238968119626,2,0
5,8,2,2,3,0.001,"slice(0.0001, 0.0002, None)",True,True,True,7,70,"[0.1, 0.01]",7,70,"[0.1, 0.01]",40,0.9,1.5,0.703238968119626,2,1
6,8,2,2,3,0.001,"slice(0.0001, 0.0002, None)",True,True,True,7,70,"[0.1, 0.01]",7,70,"[0.1, 0.01]",100,0.7,1.5,0.7025408940977735,5,2
7,8,2,2,3,0.001,"slice(0.0001, 0.0002, None)",True,True,True,7,70,"[0.1, 0.01]",7,70,"[0.1, 0.01]",100,0.9,1.5,0.7025408940977735,5,3
8,8,2,2,3,0.001,"slice(0.0001, 0.0002, None)",True,True,True,7,70,"[0.1, 0.01]",7,70,"[0.1, 0.01]",40,0.7,1.5,0.7739617299381771,51,0
9,8,2,2,3,0.001,"slice(0.0001, 0.0002, None)",True,True,True,7,70,"[0.1, 0.01]",7,70,"[0.1, 0.01]",40,0.9,1.5,0.7739617299381771,51,1
10,8,2,2,3,0.001,"slice(0.0001, 0.0002, None)",True,True,True,7,70,"[0.1, 0.01]",7,70,"[0.1, 0.01]",100,0.7,1.5,0.7739617299381771,51,2
11,8,2,2,3,0.001,"slice(0.0001, 0.0002, None)",True,True,True,7,70,"[0.1, 0.01]",7,70,"[0.1, 0.01]",100,0.9,1.5,0.7739617299381771,51,3
12,8,2,2,3,0.001,"slice(0.0001, 0.0002, None)",True,True,True,7,70,"[0.1, 0.01]",7,70,"[0.1, 0.01]",40,0.7,1.5,0.8090908958962911,7,0
13,8,2,2,3,0.001,"slice(0.0001, 0.0002, None)",True,True,True,7,70,"[0.1, 0.01]",7,70,"[0.1, 0.01]",40,0.9,1.5,0.8090908958962911,7,1
14,8,2,2,3,0.001,"slice(0.0001, 0.0002, None)",True,True,True,7,70,"[0.1, 0.01]",7,70,"[0.1, 0.01]",100,0.7,1.5,0.8090908958962911,7,2
15,8,2,2,3,0.001,"slice(0.0001, 0.0002, None)",True,True,True,7,70,"[0.1, 0.01]",7,70,"[0.1, 0.01]",100,0.9,1.5,0.8090908958962911,7,3
16,8,2,2,3,0.001,"slice(0.0001, 0.0002, None)",True,True,True,7,70,"[0.1, 0.01]",7,70,"[0.1, 0.01]",40,0.7,1.5,0.7584111931800647,0,0
17,8,2,2,3,0.001,"slice(0.0001, 0.0002, None)",True,True,True,7,70,"[0.1, 0.01]",7,70,"[0.1, 0.01]",40,0.9,1.5,0.7584111931800647,0,1
18,8,2,2,3,0.001,"slice(0.0001, 0.0002, None)",True,True,True,7,70,"[0.1, 0.01]",7,70,"[0.1, 0.01]",100,0.7,1.5,0.7584111931800647,0,2
19,8,2,2,3,0.001,"slice(0.0001, 0.0002, None)",True,True,True,7,70,"[0.1, 0.01]",7,70,"[0.1, 0.01]",100,0.9,1.5,0.7584111931800647,0,3
20,8,2,2,3,0.0001,"slice(0.0001, 0.0002, None)",True,True,True,7,70,"[0.1, 0.01]",7,70,"[0.1, 0.01]",40,0.7,1.5,0.805114322836442,25,0
21,8,2,2,3,0.0001,"slice(0.0001, 0.0002, None)",True,True,True,7,70,"[0.1, 0.01]",7,70,"[0.1, 0.01]",40,0.9,1.5,0.744398109077291,52,1
22,8,2,2,3,0.0001,"slice(0.0001, 0.0002, None)",True,True,True,7,70,"[0.1, 0.01]",7,70,"[0.1, 0.01]",100,0.7,1.5,0.823959564700504,28,2
23,8,2,2,3,0.0001,"slice(0.0001, 0.0002, None)",True,True,True,7,70,"[0.1, 0.01]",7,70,"[0.1, 0.01]",100,0.9,1.5,0.7718517389638713,54,3
24,8,2,2,3,0.0001,"slice(0.0001, 0.0002, None)",True,True,True,7,70,"[0.1, 0.01]",7,70,"[0.1, 0.01]",40,0.7,1.5,0.7176169900073619,12,0
25,8,2,2,3,0.0001,"slice(0.0001, 0.0002, None)",True,True,True,7,70,"[0.1, 0.01]",7,70,"[0.1, 0.01]",40,0.9,1.5,0.7176169900073619,12,1
26,8,2,2,3,0.0001,"slice(0.0001, 0.0002, None)",True,True,True,7,70,"[0.1, 0.01]",7,70,"[0.1, 0.01]",100,0.7,1.5,0.7169038768750844,16,2
27,8,2,2,3,0.0001,"slice(0.0001, 0.0002, None)",True,True,True,7,70,"[0.1, 0.01]",7,70,"[0.1, 0.01]",100,0.9,1.5,0.7169038768750844,16,3
28,8,2,2,3,0.0001,"slice(0.0001, 0.0002, None)",True,True,True,7,70,"[0.1, 0.01]",7,70,"[0.1, 0.01]",40,0.7,1.5,0.7712022843055694,52,0
29,8,2,2,3,0.0001,"slice(0.0001, 0.0002, None)",True,True,True,7,70,"[0.1, 0.01]",7,70,"[0.1, 0.01]",40,0.9,1.5,0.7712022843055694,52,1
30,8,2,2,3,0.0001,"slice(0.0001, 0.0002, None)",True,True,True,7,70,"[0.1, 0.01]",7,70,"[0.1, 0.01]",100,0.7,1.5,0.7712022843055694,52,2
31,8,2,2,3,0.0001,"slice(0.0001, 0.0002, None)",True,True,True,7,70,"[0.1, 0.01]",7,70,"[0.1, 0.01]",100,0.9,1.5,0.7712022843055694,52,3
32,8,2,2,3,0.0001,"slice(0.0001, 0.0002, None)",True,True,True,7,70,"[0.1, 0.01]",7,70,"[0.1, 0.01]",40,0.7,1.5,0.8073402198322921,6,0
33,8,2,2,3,0.0001,"slice(0.0001, 0.0002, None)",True,True,True,7,70,"[0.1, 0.01]",7,70,"[0.1, 0.01]",40,0.9,1.5,0.8073402198322921,6,1
34,8,2,2,3,0.0001,"slice(0.0001, 0.0002, None)",True,True,True,7,70,"[0.1, 0.01]",7,70,"[0.1, 0.01]",100,0.7,1.5,0.8073402198322921,6,2
35,8,2,2,3,0.0001,"slice(0.0001, 0.0002, None)",True,True,True,7,70,"[0.1, 0.01]",7,70,"[0.1, 0.01]",100,0.9,1.5,0.8073402198322921,6,3
36,8,2,2,3,0.0001,"slice(0.0001, 0.0002, None)",True,True,True,7,70,"[0.1, 0.01]",7,70,"[0.1, 0.01]",40,0.7,1.5,0.7594288452432285,0,0
37,8,2,2,3,0.0001,"slice(0.0001, 0.0002, None)",True,True,True,7,70,"[0.1, 0.01]",7,70,"[0.1, 0.01]",40,0.9,1.5,0.7594288452432285,0,1
38,8,2,2,3,0.0001,"slice(0.0001, 0.0002, None)",True,True,True,7,70,"[0.1, 0.01]",7,70,"[0.1, 0.01]",100,0.7,1.5,0.7594288452432285,0,2
39,8,2,2,3,0.0001,"slice(0.0001, 0.0002, None)",True,True,True,7,70,"[0.1, 0.01]",7,70,"[0.1, 0.01]",100,0.9,1.5,0.7594288452432285,0,3
40,8,2,2,7,0.001,"slice(0.0001, 0.0002, None)",True,True,True,7,70,"[0.1, 0.01]",7,70,"[0.1, 0.01]",40,0.7,1.5,0.8185288544138962,36,0
41,8,2,2,7,0.001,"slice(0.0001, 0.0002, None)",True,True,True,7,70,"[0.1, 0.01]",7,70,"[0.1, 0.01]",40,0.9,1.5,0.7426081113580941,61,1
42,8,2,2,7,0.001,"slice(0.0001, 0.0002, None)",True,True,True,7,70,"[0.1, 0.01]",7,70,"[0.1, 0.01]",100,0.7,1.5,0.8409438115132857,37,2
43,8,2,2,7,0.001,"slice(0.0001, 0.0002, None)",True,True,True,7,70,"[0.1, 0.01]",7,70,"[0.1, 0.01]",100,0.9,1.5,0.7797034679856332,62,3
44,8,2,2,7,0.001,"slice(0.0001, 0.0002, None)",True,True,True,7,70,"[0.1, 0.01]",7,70,"[0.1, 0.01]",40,0.7,1.5,0.7170545900902192,37,0
45,8,2,2,7,0.001,"slice(0.0001, 0.0002, None)",True,True,True,7,70,"[0.1, 0.01]",7,70,"[0.1, 0.01]",40,0.9,1.5,0.7025543891633275,48,1
46,8,2,2,7,0.001,"slice(0.0001, 0.0002, None)",True,True,True,7,70,"[0.1, 0.01]",7,70,"[0.1, 0.01]",100,0.7,1.5,0.7170545900902192,37,2
47,8,2,2,7,0.001,"slice(0.0001, 0.0002, None)",True,True,True,7,70,"[0.1, 0.01]",7,70,"[0.1, 0.01]",100,0.9,1.5,0.7025543891633275,48,3
48,8,2,2,7,0.001,"slice(0.0001, 0.0002, None)",True,True,True,7,70,"[0.1, 0.01]",7,70,"[0.1, 0.01]",40,0.7,1.5,0.7602562352806798,50,0
49,8,2,2,7,0.001,"slice(0.0001, 0.0002, None)",True,True,True,7,70,"[0.1, 0.01]",7,70,"[0.1, 0.01]",40,0.9,1.5,0.7602562352806798,50,1
50,8,2,2,7,0.001,"slice(0.0001, 0.0002, None)",True,True,True,7,70,"[0.1, 0.01]",7,70,"[0.1, 0.01]",100,0.7,1.5,0.7602562352806798,50,2
51,8,2,2,7,0.001,"slice(0.0001, 0.0002, None)",True,True,True,7,70,"[0.1, 0.01]",7,70,"[0.1, 0.01]",100,0.9,1.5,0.7602562352806798,50,3
52,8,2,2,7,0.001,"slice(0.0001, 0.0002, None)",True,True,True,7,70,"[0.1, 0.01]",7,70,"[0.1, 0.01]",40,0.7,1.5,0.8196543289661223,5,0
53,8,2,2,7,0.001,"slice(0.0001, 0.0002, None)",True,True,True,7,70,"[0.1, 0.01]",7,70,"[0.1, 0.01]",40,0.9,1.5,0.8196543289661223,5,1
54,8,2,2,7,0.001,"slice(0.0001, 0.0002, None)",True,True,True,7,70,"[0.1, 0.01]",7,70,"[0.1, 0.01]",100,0.7,1.5,0.8196543289661223,5,2
55,8,2,2,7,0.001,"slice(0.0001, 0.0002, None)",True,True,True,7,70,"[0.1, 0.01]",7,70,"[0.1, 0.01]",100,0.9,1.5,0.8196543289661223,5,3
56,8,2,2,7,0.001,"slice(0.0001, 0.0002, None)",True,True,True,7,70,"[0.1, 0.01]",7,70,"[0.1, 0.01]",40,0.7,1.5,0.7625009223706031,0,0
57,8,2,2,7,0.001,"slice(0.0001, 0.0002, None)",True,True,True,7,70,"[0.1, 0.01]",7,70,"[0.1, 0.01]",40,0.9,1.5,0.7625009223706031,0,1
58,8,2,2,7,0.001,"slice(0.0001, 0.0002, None)",True,True,True,7,70,"[0.1, 0.01]",7,70,"[0.1, 0.01]",100,0.7,1.5,0.7625009223706031,0,2
59,8,2,2,7,0.001,"slice(0.0001, 0.0002, None)",True,True,True,7,70,"[0.1, 0.01]",7,70,"[0.1, 0.01]",100,0.9,1.5,0.7625009223706031,0,3
60,8,2,2,7,0.0001,"slice(0.0001, 0.0002, None)",True,True,True,7,70,"[0.1, 0.01]",7,70,"[0.1, 0.01]",40,0.7,1.5,0.804359686245656,34,0
61,8,2,2,7,0.0001,"slice(0.0001, 0.0002, None)",True,True,True,7,70,"[0.1, 0.01]",7,70,"[0.1, 0.01]",40,0.9,1.5,0.7316857092339009,59,1
62,8,2,2,7,0.0001,"slice(0.0001, 0.0002, None)",True,True,True,7,70,"[0.1, 0.01]",7,70,"[0.1, 0.01]",100,0.7,1.5,0.8362364686390356,37,2
63,8,2,2,7,0.0001,"slice(0.0001, 0.0002, None)",True,True,True,7,70,"[0.1, 0.01]",7,70,"[0.1, 0.01]",100,0.9,1.5,0.7811048440151357,62,3
64,8,2,2,7,0.0001,"slice(0.0001, 0.0002, None)",True,True,True,7,70,"[0.1, 0.01]",7,70,"[0.1, 0.01]",40,0.7,1.5,0.7180672414837327,18,0
65,8,2,2,7,0.0001,"slice(0.0001, 0.0002, None)",True,True,True,7,70,"[0.1, 0.01]",7,70,"[0.1, 0.01]",40,0.9,1.5,0.7075816943888517,33,1
66,8,2,2,7,0.0001,"slice(0.0001, 0.0002, None)",True,True,True,7,70,"[0.1, 0.01]",7,70,"[0.1, 0.01]",100,0.7,1.5,0.7180672414837327,18,2
67,8,2,2,7,0.0001,"slice(0.0001, 0.0002, None)",True,True,True,7,70,"[0.1, 0.01]",7,70,"[0.1, 0.01]",100,0.9,1.5,0.7075816943888517,33,3
68,8,2,2,7,0.0001,"slice(0.0001, 0.0002, None)",True,True,True,7,70,"[0.1, 0.01]",7,70,"[0.1, 0.01]",40,0.7,1.5,0.7493593013070791,62,0
69,8,2,2,7,0.0001,"slice(0.0001, 0.0002, None)",True,True,True,7,70,"[0.1, 0.01]",7,70,"[0.1, 0.01]",40,0.9,1.5,0.7493593013070791,62,1
70,8,2,2,7,0.0001,"slice(0.0001, 0.0002, None)",True,True,True,7,70,"[0.1, 0.01]",7,70,"[0.1, 0.01]",100,0.7,1.5,0.7493593013070791,62,2
71,8,2,2,7,0.0001,"slice(0.0001, 0.0002, None)",True,True,True,7,70,"[0.1, 0.01]",7,70,"[0.1, 0.01]",100,0.9,1.5,0.7493593013070791,62,3
72,8,2,2,7,0.0001,"slice(0.0001, 0.0002, None)",True,True,True,7,70,"[0.1, 0.01]",7,70,"[0.1, 0.01]",40,0.7,1.5,0.818212172280249,4,0
73,8,2,2,7,0.0001,"slice(0.0001, 0.0002, None)",True,True,True,7,70,"[0.1, 0.01]",7,70,"[0.1, 0.01]",40,0.9,1.5,0.818212172280249,4,1
74,8,2,2,7,0.0001,"slice(0.0001, 0.0002, None)",True,True,True,7,70,"[0.1, 0.01]",7,70,"[0.1, 0.01]",100,0.7,1.5,0.818212172280249,4,2
75,8,2,2,7,0.0001,"slice(0.0001, 0.0002, None)",True,True,True,7,70,"[0.1, 0.01]",7,70,"[0.1, 0.01]",100,0.9,1.5,0.818212172280249,4,3
76,8,2,2,7,0.0001,"slice(0.0001, 0.0002, None)",True,True,True,7,70,"[0.1, 0.01]",7,70,"[0.1, 0.01]",40,0.7,1.5,0.7616979739690063,0,0
77,8,2,2,7,0.0001,"slice(0.0001, 0.0002, None)",True,True,True,7,70,"[0.1, 0.01]",7,70,"[0.1, 0.01]",40,0.9,1.5,0.7616979739690063,0,1
78,8,2,2,7,0.0001,"slice(0.0001, 0.0002, None)",True,True,True,7,70,"[0.1, 0.01]",7,70,"[0.1, 0.01]",100,0.7,1.5,0.7616979739690063,0,2
79,8,2,2,7,0.0001,"slice(0.0001, 0.0002, None)",True,True,True,7,70,"[0.1, 0.01]",7,70,"[0.1, 0.01]",100,0.9,1.5,0.7616979739690063,0,3
80,8,2,2,10,0.001,"slice(0.0001, 0.0002, None)",True,True,True,7,70,"[0.1, 0.01]",7,70,"[0.1, 0.01]",40,0.7,1.5,0.8313100446255974,33,0
81,8,2,2,10,0.001,"slice(0.0001, 0.0002, None)",True,True,True,7,70,"[0.1, 0.01]",7,70,"[0.1, 0.01]",40,0.9,1.5,0.7751317265307645,59,1
82,8,2,2,10,0.001,"slice(0.0001, 0.0002, None)",True,True,True,7,70,"[0.1, 0.01]",7,70,"[0.1, 0.01]",100,0.7,1.5,0.8419161263667371,34,2
83,8,2,2,10,0.001,"slice(0.0001, 0.0002, None)",True,True,True,7,70,"[0.1, 0.01]",7,70,"[0.1, 0.01]",100,0.9,1.5,0.792011517048327,60,3
84,8,2,2,10,0.001,"slice(0.0001, 0.0002, None)",True,True,True,7,70,"[0.1, 0.01]",7,70,"[0.1, 0.01]",40,0.7,1.5,0.7154450474753155,44,0
85,8,2,2,10,0.001,"slice(0.0001, 0.0002, None)",True,True,True,7,70,"[0.1, 0.01]",7,70,"[0.1, 0.01]",40,0.9,1.5,0.7154450474753155,44,1
86,8,2,2,10,0.001,"slice(0.0001, 0.0002, None)",True,True,True,7,70,"[0.1, 0.01]",7,70,"[0.1, 0.01]",100,0.7,1.5,0.7154450474753155,44,2
87,8,2,2,10,0.001,"slice(0.0001, 0.0002, None)",True,True,True,7,70,"[0.1, 0.01]",7,70,"[0.1, 0.01]",100,0.9,1.5,0.7154450474753155,44,3
88,8,2,2,10,0.001,"slice(0.0001, 0.0002, None)",True,True,True,7,70,"[0.1, 0.01]",7,70,"[0.1, 0.01]",40,0.7,1.5,0.775695888834968,53,0
89,8,2,2,10,0.001,"slice(0.0001, 0.0002, None)",True,True,True,7,70,"[0.1, 0.01]",7,70,"[0.1, 0.01]",40,0.9,1.5,0.775695888834968,53,1
90,8,2,2,10,0.001,"slice(0.0001, 0.0002, None)",True,True,True,7,70,"[0.1, 0.01]",7,70,"[0.1, 0.01]",100,0.7,1.5,0.775695888834968,53,2
91,8,2,2,10,0.001,"slice(0.0001, 0.0002, None)",True,True,True,7,70,"[0.1, 0.01]",7,70,"[0.1, 0.01]",100,0.9,1.5,0.775695888834968,53,3
92,8,2,2,10,0.001,"slice(0.0001, 0.0002, None)",True,True,True,7,70,"[0.1, 0.01]",7,70,"[0.1, 0.01]",40,0.7,1.5,0.8210197051243503,3,0
93,8,2,2,10,0.001,"slice(0.0001, 0.0002, None)",True,True,True,7,70,"[0.1, 0.01]",7,70,"[0.1, 0.01]",40,0.9,1.5,0.8210197051243503,3,1
94,8,2,2,10,0.001,"slice(0.0001, 0.0002, None)",True,True,True,7,70,"[0.1, 0.01]",7,70,"[0.1, 0.01]",100,0.7,1.5,0.8210197051243503,3,2
95,8,2,2,10,0.001,"slice(0.0001, 0.0002, None)",True,True,True,7,70,"[0.1, 0.01]",7,70,"[0.1, 0.01]",100,0.9,1.5,0.8210197051243503,3,3
96,8,2,2,10,0.001,"slice(0.0001, 0.0002, None)",True,True,True,7,70,"[0.1, 0.01]",7,70,"[0.1, 0.01]",40,0.7,1.5,0.7636156825773855,0,0
97,8,2,2,10,0.001,"slice(0.0001, 0.0002, None)",True,True,True,7,70,"[0.1, 0.01]",7,70,"[0.1, 0.01]",40,0.9,1.5,0.7636156825773855,0,1
98,8,2,2,10,0.001,"slice(0.0001, 0.0002, None)",True,True,True,7,70,"[0.1, 0.01]",7,70,"[0.1, 0.01]",100,0.7,1.5,0.7636156825773855,0,2
99,8,2,2,10,0.001,"slice(0.0001, 0.0002, None)",True,True,True,7,70,"[0.1, 0.01]",7,70,"[0.1, 0.01]",100,0.9,1.5,0.7636156825773855,0,3
100,8,2,2,10,0.0001,"slice(0.0001, 0.0002, None)",True,True,True,7,70,"[0.1, 0.01]",7,70,"[0.1, 0.01]",40,0.7,1.5,0.8242373844025116,47,0
101,8,2,2,10,0.0001,"slice(0.0001, 0.0002, None)",True,True,True,7,70,"[0.1, 0.01]",7,70,"[0.1, 0.01]",40,0.9,1.5,0.7244580942395766,74,1
102,8,2,2,10,0.0001,"slice(0.0001, 0.0002, None)",True,True,True,7,70,"[0.1, 0.01]",7,70,"[0.1, 0.01]",100,0.7,1.5,0.8521595828349112,49,2
103,8,2,2,10,0.0001,"slice(0.0001, 0.0002, None)",True,True,True,7,70,"[0.1, 0.01]",7,70,"[0.1, 0.01]",100,0.9,1.5,0.7815561230587619,76,3
104,8,2,2,10,0.0001,"slice(0.0001, 0.0002, None)",True,True,True,7,70,"[0.1, 0.01]",7,70,"[0.1, 0.01]",40,0.7,1.5,0.7185352550241836,44,0
105,8,2,2,10,0.0001,"slice(0.0001, 0.0002, None)",True,True,True,7,70,"[0.1, 0.01]",7,70,"[0.1, 0.01]",40,0.9,1.5,0.7170350250560729,47,1
106,8,2,2,10,0.0001,"slice(0.0001, 0.0002, None)",True,True,True,7,70,"[0.1, 0.01]",7,70,"[0.1, 0.01]",100,0.7,1.5,0.7185352550241836,44,2
107,8,2,2,10,0.0001,"slice(0.0001, 0.0002, None)",True,True,True,7,70,"[0.1, 0.01]",7,70,"[0.1, 0.01]",100,0.9,1.5,0.7170350250560729,47,3
108,8,2,2,10,0.0001,"slice(0.0001, 0.0002, None)",True,True,True,7,70,"[0.1, 0.01]",7,70,"[0.1, 0.01]",40,0.7,1.5,0.7787485329445752,72,0
109,8,2,2,10,0.0001,"slice(0.0001, 0.0002, None)",True,True,True,7,70,"[0.1, 0.01]",7,70,"[0.1, 0.01]",40,0.9,1.5,0.7787485329445752,72,1
110,8,2,2,10,0.0001,"slice(0.0001, 0.0002, None)",True,True,True,7,70,"[0.1, 0.01]",7,70,"[0.1, 0.01]",100,0.7,1.5,0.7787485329445752,72,2
111,8,2,2,10,0.0001,"slice(0.0001, 0.0002, None)",True,True,True,7,70,"[0.1, 0.01]",7,70,"[0.1, 0.01]",100,0.9,1.5,0.7787485329445752,72,3
112,8,2,2,10,0.0001,"slice(0.0001, 0.0002, None)",True,True,True,7,70,"[0.1, 0.01]",7,70,"[0.1, 0.01]",40,0.7,1.5,0.8219941830403875,4,0
113,8,2,2,10,0.0001,"slice(0.0001, 0.0002, None)",True,True,True,7,70,"[0.1, 0.01]",7,70,"[0.1, 0.01]",40,0.9,1.5,0.8219941830403875,4,1
114,8,2,2,10,0.0001,"slice(0.0001, 0.0002, None)",True,True,True,7,70,"[0.1, 0.01]",7,70,"[0.1, 0.01]",100,0.7,1.5,0.8241628282772812,5,2
115,8,2,2,10,0.0001,"slice(0.0001, 0.0002, None)",True,True,True,7,70,"[0.1, 0.01]",7,70,"[0.1, 0.01]",100,0.9,1.5,0.8241628282772812,5,3
116,8,2,2,10,0.0001,"slice(0.0001, 0.0002, None)",True,True,True,7,70,"[0.1, 0.01]",7,70,"[0.1, 0.01]",40,0.7,1.5,0.7640077423103316,0,0
117,8,2,2,10,0.0001,"slice(0.0001, 0.0002, None)",True,True,True,7,70,"[0.1, 0.01]",7,70,"[0.1, 0.01]",40,0.9,1.5,0.7640077423103316,0,1
118,8,2,2,10,0.0001,"slice(0.0001, 0.0002, None)",True,True,True,7,70,"[0.1, 0.01]",7,70,"[0.1, 0.01]",100,0.7,1.5,0.7640077423103316,0,2
119,8,2,2,10,0.0001,"slice(0.0001, 0.0002, None)",True,True,True,7,70,"[0.1, 0.01]",7,70,"[0.1, 0.01]",100,0.9,1.5,0.7640077423103316,0,3
120,8,2,6,3,0.001,"slice(0.0001, 0.0002, None)",True,True,True,7,70,"[0.1, 0.01]",7,70,"[0.1, 0.01]",40,0.7,1.5,0.8349498101927375,44,0
121,8,2,6,3,0.001,"slice(0.0001, 0.0002, None)",True,True,True,7,70,"[0.1, 0.01]",7,70,"[0.1, 0.01]",40,0.9,1.5,0.75713821377393,70,1
122,8,2,6,3,0.001,"slice(0.0001, 0.0002, None)",True,True,True,7,70,"[0.1, 0.01]",7,70,"[0.1, 0.01]",100,0.7,1.5,0.847895313444092,45,2
123,8,2,6,3,0.001,"slice(0.0001, 0.0002, None)",True,True,True,7,70,"[0.1, 0.01]",7,70,"[0.1, 0.01]",100,0.9,1.5,0.7808658623634681,71,3
124,8,2,6,3,0.001,"slice(0.0001, 0.0002, None)",True,True,True,7,70,"[0.1, 0.01]",7,70,"[0.1, 0.01]",40,0.7,1.5,0.7050173433801511,14,0
125,8,2,6,3,0.001,"slice(0.0001, 0.0002, None)",True,True,True,7,70,"[0.1, 0.01]",7,70,"[0.1, 0.01]",40,0.9,1.5,0.7020814615233802,18,1
126,8,2,6,3,0.001,"slice(0.0001, 0.0002, None)",True,True,True,7,70,"[0.1, 0.01]",7,70,"[0.1, 0.01]",100,0.7,1.5,0.7050173433801511,14,2
127,8,2,6,3,0.001,"slice(0.0001, 0.0002, None)",True,True,True,7,70,"[0.1, 0.01]",7,70,"[0.1, 0.01]",100,0.9,1.5,0.7020814615233802,18,3
128,8,2,6,3,0.001,"slice(0.0001, 0.0002, None)",True,True,True,7,70,"[0.1, 0.01]",7,70,"[0.1, 0.01]",40,0.7,1.5,0.7465180304477506,47,0
129,8,2,6,3,0.001,"slice(0.0001, 0.0002, None)",True,True,True,7,70,"[0.1, 0.01]",7,70,"[0.1, 0.01]",40,0.9,1.5,0.7465180304477506,47,1
130,8,2,6,3,0.001,"slice(0.0001, 0.0002, None)",True,True,True,7,70,"[0.1, 0.01]",7,70,"[0.1, 0.01]",100,0.7,1.5,0.7465180304477506,47,2
131,8,2,6,3,0.001,"slice(0.0001, 0.0002, None)",True,True,True,7,70,"[0.1, 0.01]",7,70,"[0.1, 0.01]",100,0.9,1.5,0.7465180304477506,47,3
132,8,2,6,3,0.001,"slice(0.0001, 0.0002, None)",True,True,True,7,70,"[0.1, 0.01]",7,70,"[0.1, 0.01]",40,0.7,1.5,0.8149842035029375,6,0
133,8,2,6,3,0.001,"slice(0.0001, 0.0002, None)",True,True,True,7,70,"[0.1, 0.01]",7,70,"[0.1, 0.01]",40,0.9,1.5,0.8149842035029375,6,1
134,8,2,6,3,0.001,"slice(0.0001, 0.0002, None)",True,True,True,7,70,"[0.1, 0.01]",7,70,"[0.1, 0.01]",100,0.7,1.5,0.8149842035029375,6,2
135,8,2,6,3,0.001,"slice(0.0001, 0.0002, None)",True,True,True,7,70,"[0.1, 0.01]",7,70,"[0.1, 0.01]",100,0.9,1.5,0.8149842035029375,6,3
136,8,2,6,3,0.001,"slice(0.0001, 0.0002, None)",True,True,True,7,70,"[0.1, 0.01]",7,70,"[0.1, 0.01]",40,0.7,1.5,0.7632859058772775,0,0
137,8,2,6,3,0.001,"slice(0.0001, 0.0002, None)",True,True,True,7,70,"[0.1, 0.01]",7,70,"[0.1, 0.01]",40,0.9,1.5,0.7632859058772775,0,1
138,8,2,6,3,0.001,"slice(0.0001, 0.0002, None)",True,True,True,7,70,"[0.1, 0.01]",7,70,"[0.1, 0.01]",100,0.7,1.5,0.7632859058772775,0,2
139,8,2,6,3,0.001,"slice(0.0001, 0.0002, None)",True,True,True,7,70,"[0.1, 0.01]",7,70,"[0.1, 0.01]",100,0.9,1.5,0.7632859058772775,0,3
140,8,2,6,3,0.0001,"slice(0.0001, 0.0002, None)",True,True,True,7,70,"[0.1, 0.01]",7,70,"[0.1, 0.01]",40,0.7,1.5,0.8084178674069884,36,0
141,8,2,6,3,0.0001,"slice(0.0001, 0.0002, None)",True,True,True,7,70,"[0.1, 0.01]",7,70,"[0.1, 0.01]",40,0.9,1.5,0.740394860826414,60,1
142,8,2,6,3,0.0001,"slice(0.0001, 0.0002, None)",True,True,True,7,70,"[0.1, 0.01]",7,70,"[0.1, 0.01]",100,0.7,1.5,0.8302839062089761,38,2
143,8,2,6,3,0.0001,"slice(0.0001, 0.0002, None)",True,True,True,7,70,"[0.1, 0.01]",7,70,"[0.1, 0.01]",100,0.9,1.5,0.774040866843146,62,3
144,8,2,6,3,0.0001,"slice(0.0001, 0.0002, None)",True,True,True,7,70,"[0.1, 0.01]",7,70,"[0.1, 0.01]",40,0.7,1.5,0.7357663780202914,5,0
145,8,2,6,3,0.0001,"slice(0.0001, 0.0002, None)",True,True,True,7,70,"[0.1, 0.01]",7,70,"[0.1, 0.01]",40,0.9,1.5,0.7357663780202914,5,1
146,8,2,6,3,0.0001,"slice(0.0001, 0.0002, None)",True,True,True,7,70,"[0.1, 0.01]",7,70,"[0.1, 0.01]",100,0.7,1.5,0.7356860514592493,6,2
147,8,2,6,3,0.0001,"slice(0.0001, 0.0002, None)",True,True,True,7,70,"[0.1, 0.01]",7,70,"[0.1, 0.01]",100,0.9,1.5,0.7356860514592493,6,3
148,8,2,6,3,0.0001,"slice(0.0001, 0.0002, None)",True,True,True,7,70,"[0.1, 0.01]",7,70,"[0.1, 0.01]",40,0.7,1.5,0.7458013501920673,52,0
149,8,2,6,3,0.0001,"slice(0.0001, 0.0002, None)",True,True,True,7,70,"[0.1, 0.01]",7,70,"[0.1, 0.01]",40,0.9,1.5,0.7458013501920673,52,1
150,8,2,6,3,0.0001,"slice(0.0001, 0.0002, None)",True,True,True,7,70,"[0.1, 0.01]",7,70,"[0.1, 0.01]",100,0.7,1.5,0.7458013501920673,52,2
151,8,2,6,3,0.0001,"slice(0.0001, 0.0002, None)",True,True,True,7,70,"[0.1, 0.01]",7,70,"[0.1, 0.01]",100,0.9,1.5,0.7458013501920673,52,3
152,8,2,6,3,0.0001,"slice(0.0001, 0.0002, None)",True,True,True,7,70,"[0.1, 0.01]",7,70,"[0.1, 0.01]",40,0.7,1.5,0.8116165055908137,6,0
153,8,2,6,3,0.0001,"slice(0.0001, 0.0002, None)",True,True,True,7,70,"[0.1, 0.01]",7,70,"[0.1, 0.01]",40,0.9,1.5,0.8116165055908137,6,1
154,8,2,6,3,0.0001,"slice(0.0001, 0.0002, None)",True,True,True,7,70,"[0.1, 0.01]",7,70,"[0.1, 0.01]",100,0.7,1.5,0.8116165055908137,6,2
155,8,2,6,3,0.0001,"slice(0.0001, 0.0002, None)",True,True,True,7,70,"[0.1, 0.01]",7,70,"[0.1, 0.01]",100,0.9,1.5,0.8116165055908137,6,3
156,8,2,6,3,0.0001,"slice(0.0001, 0.0002, None)",True,True,True,7,70,"[0.1, 0.01]",7,70,"[0.1, 0.01]",40,0.7,1.5,0.7598236991727316,0,0
157,8,2,6,3,0.0001,"slice(0.0001, 0.0002, None)",True,True,True,7,70,"[0.1, 0.01]",7,70,"[0.1, 0.01]",40,0.9,1.5,0.7598236991727316,0,1
158,8,2,6,3,0.0001,"slice(0.0001, 0.0002, None)",True,True,True,7,70,"[0.1, 0.01]",7,70,"[0.1, 0.01]",100,0.7,1.5,0.7598236991727316,0,2
159,8,2,6,3,0.0001,"slice(0.0001, 0.0002, None)",True,True,True,7,70,"[0.1, 0.01]",7,70,"[0.1, 0.01]",100,0.9,1.5,0.7598236991727316,0,3
160,8,2,6,7,0.001,"slice(0.0001, 0.0002, None)",True,True,True,7,70,"[0.1, 0.01]",7,70,"[0.1, 0.01]",40,0.7,1.5,0.8369554293443179,43,0
161,8,2,6,7,0.001,"slice(0.0001, 0.0002, None)",True,True,True,7,70,"[0.1, 0.01]",7,70,"[0.1, 0.01]",40,0.9,1.5,0.7670106932620038,69,1
162,8,2,6,7,0.001,"slice(0.0001, 0.0002, None)",True,True,True,7,70,"[0.1, 0.01]",7,70,"[0.1, 0.01]",100,0.7,1.5,0.83732064318722,42,2
163,8,2,6,7,0.001,"slice(0.0001, 0.0002, None)",True,True,True,7,70,"[0.1, 0.01]",7,70,"[0.1, 0.01]",100,0.9,1.5,0.7703181402900084,68,3
164,8,2,6,7,0.001,"slice(0.0001, 0.0002, None)",True,True,True,7,70,"[0.1, 0.01]",7,70,"[0.1, 0.01]",40,0.7,1.5,0.7090957861830283,33,0
165,8,2,6,7,0.001,"slice(0.0001, 0.0002, None)",True,True,True,7,70,"[0.1, 0.01]",7,70,"[0.1, 0.01]",40,0.9,1.5,0.7127181455584751,47,1
166,8,2,6,7,0.001,"slice(0.0001, 0.0002, None)",True,True,True,7,70,"[0.1, 0.01]",7,70,"[0.1, 0.01]",100,0.7,1.5,0.7093213863639747,36,2
167,8,2,6,7,0.001,"slice(0.0001, 0.0002, None)",True,True,True,7,70,"[0.1, 0.01]",7,70,"[0.1, 0.01]",100,0.9,1.5,0.7127181455584751,47,3
168,8,2,6,7,0.001,"slice(0.0001, 0.0002, None)",True,True,True,7,70,"[0.1, 0.01]",7,70,"[0.1, 0.01]",40,0.7,1.5,0.7586150788944969,52,0
169,8,2,6,7,0.001,"slice(0.0001, 0.0002, None)",True,True,True,7,70,"[0.1, 0.01]",7,70,"[0.1, 0.01]",40,0.9,1.5,0.7586150788944969,52,1
170,8,2,6,7,0.001,"slice(0.0001, 0.0002, None)",True,True,True,7,70,"[0.1, 0.01]",7,70,"[0.1, 0.01]",100,0.7,1.5,0.7586150788944969,52,2
171,8,2,6,7,0.001,"slice(0.0001, 0.0002, None)",True,True,True,7,70,"[0.1, 0.01]",7,70,"[0.1, 0.01]",100,0.9,1.5,0.7586150788944969,52,3
172,8,2,6,7,0.001,"slice(0.0001, 0.0002, None)",True,True,True,7,70,"[0.1, 0.01]",7,70,"[0.1, 0.01]",40,0.7,1.5,0.8124092371186985,7,0
173,8,2,6,7,0.001,"slice(0.0001, 0.0002, None)",True,True,True,7,70,"[0.1, 0.01]",7,70,"[0.1, 0.01]",40,0.9,1.5,0.8124092371186985,7,1
174,8,2,6,7,0.001,"slice(0.0001, 0.0002, None)",True,True,True,7,70,"[0.1, 0.01]",7,70,"[0.1, 0.01]",100,0.7,1.5,0.8124092371186985,7,2
175,8,2,6,7,0.001,"slice(0.0001, 0.0002, None)",True,True,True,7,70,"[0.1, 0.01]",7,70,"[0.1, 0.01]",100,0.9,1.5,0.8124092371186985,7,3
176,8,2,6,7,0.001,"slice(0.0001, 0.0002, None)",True,True,True,7,70,"[0.1, 0.01]",7,70,"[0.1, 0.01]",40,0.7,1.5,0.7628623955705197,0,0
177,8,2,6,7,0.001,"slice(0.0001, 0.0002, None)",True,True,True,7,70,"[0.1, 0.01]",7,70,"[0.1, 0.01]",40,0.9,1.5,0.7628623955705197,0,1
178,8,2,6,7,0.001,"slice(0.0001, 0.0002, None)",True,True,True,7,70,"[0.1, 0.01]",7,70,"[0.1, 0.01]",100,0.7,1.5,0.7628623955705197,0,2
179,8,2,6,7,0.001,"slice(0.0001, 0.0002, None)",True,True,True,7,70,"[0.1, 0.01]",7,70,"[0.1, 0.01]",100,0.9,1.5,0.7628623955705197,0,3
180,8,2,6,7,0.0001,"slice(0.0001, 0.0002, None)",True,True,True,7,70,"[0.1, 0.01]",7,70,"[0.1, 0.01]",40,0.7,1.5,0.8328160427142532,38,0
181,8,2,6,7,0.0001,"slice(0.0001, 0.0002, None)",True,True,True,7,70,"[0.1, 0.01]",7,70,"[0.1, 0.01]",40,0.9,1.5,0.7605144833702425,66,1
182,8,2,6,7,0.0001,"slice(0.0001, 0.0002, None)",True,True,True,7,70,"[0.1, 0.01]",7,70,"[0.1, 0.01]",100,0.7,1.5,0.8446504984819324,39,2
183,8,2,6,7,0.0001,"slice(0.0001, 0.0002, None)",True,True,True,7,70,"[0.1, 0.01]",7,70,"[0.1, 0.01]",100,0.9,1.5,0.7849168560495368,66,3
184,8,2,6,7,0.0001,"slice(0.0001, 0.0002, None)",True,True,True,7,70,"[0.1, 0.01]",7,70,"[0.1, 0.01]",40,0.7,1.5,0.7137751271441644,40,0
185,8,2,6,7,0.0001,"slice(0.0001, 0.0002, None)",True,True,True,7,70,"[0.1, 0.01]",7,70,"[0.1, 0.01]",40,0.9,1.5,0.7087547532883153,46,1
186,8,2,6,7,0.0001,"slice(0.0001, 0.0002, None)",True,True,True,7,70,"[0.1, 0.01]",7,70,"[0.1, 0.01]",100,0.7,1.5,0.7137751271441644,40,2
187,8,2,6,7,0.0001,"slice(0.0001, 0.0002, None)",True,True,True,7,70,"[0.1, 0.01]",7,70,"[0.1, 0.01]",100,0.9,1.5,0.7087547532883153,46,3
188,8,2,6,7,0.0001,"slice(0.0001, 0.0002, None)",True,True,True,7,70,"[0.1, 0.01]",7,70,"[0.1, 0.01]",40,0.7,1.5,0.7788789828896602,53,0
189,8,2,6,7,0.0001,"slice(0.0001, 0.0002, None)",True,True,True,7,70,"[0.1, 0.01]",7,70,"[0.1, 0.01]",40,0.9,1.5,0.7788789828896602,53,1
190,8,2,6,7,0.0001,"slice(0.0001, 0.0002, None)",True,True,True,7,70,"[0.1, 0.01]",7,70,"[0.1, 0.01]",100,0.7,1.5,0.7788789828896602,53,2
191,8,2,6,7,0.0001,"slice(0.0001, 0.0002, None)",True,True,True,7,70,"[0.1, 0.01]",7,70,"[0.1, 0.01]",100,0.9,1.5,0.7788789828896602,53,3
192,8,2,6,7,0.0001,"slice(0.0001, 0.0002, None)",True,True,True,7,70,"[0.1, 0.01]",7,70,"[0.1, 0.01]",40,0.7,1.5,0.8158646191130037,3,0
193,8,2,6,7,0.0001,"slice(0.0001, 0.0002, None)",True,True,True,7,70,"[0.1, 0.01]",7,70,"[0.1, 0.01]",40,0.9,1.5,0.8158646191130037,3,1
194,8,2,6,7,0.0001,"slice(0.0001, 0.0002, None)",True,True,True,7,70,"[0.1, 0.01]",7,70,"[0.1, 0.01]",100,0.7,1.5,0.8158646191130037,3,2
195,8,2,6,7,0.0001,"slice(0.0001, 0.0002, None)",True,True,True,7,70,"[0.1, 0.01]",7,70,"[0.1, 0.01]",100,0.9,1.5,0.8158646191130037,3,3
196,8,2,6,7,0.0001,"slice(0.0001, 0.0002, None)",True,True,True,7,70,"[0.1, 0.01]",7,70,"[0.1, 0.01]",40,0.7,1.5,0.7619568816122244,0,0
197,8,2,6,7,0.0001,"slice(0.0001, 0.0002, None)",True,True,True,7,70,"[0.1, 0.01]",7,70,"[0.1, 0.01]",40,0.9,1.5,0.7619568816122244,0,1
198,8,2,6,7,0.0001,"slice(0.0001, 0.0002, None)",True,True,True,7,70,"[0.1, 0.01]",7,70,"[0.1, 0.01]",100,0.7,1.5,0.7619568816122244,0,2
199,8,2,6,7,0.0001,"slice(0.0001, 0.0002, None)",True,True,True,7,70,"[0.1, 0.01]",7,70,"[0.1, 0.01]",100,0.9,1.5,0.7619568816122244,0,3
200,8,2,6,10,0.001,"slice(0.0001, 0.0002, None)",True,True,True,7,70,"[0.1, 0.01]",7,70,"[0.1, 0.01]",40,0.7,1.5,0.8399061921930965,46,0
201,8,2,6,10,0.001,"slice(0.0001, 0.0002, None)",True,True,True,7,70,"[0.1, 0.01]",7,70,"[0.1, 0.01]",40,0.9,1.5,0.7579675802072978,72,1
202,8,2,6,10,0.001,"slice(0.0001, 0.0002, None)",True,True,True,7,70,"[0.1, 0.01]",7,70,"[0.1, 0.01]",100,0.7,1.5,0.8534942236808802,46,2
203,8,2,6,10,0.001,"slice(0.0001, 0.0002, None)",True,True,True,7,70,"[0.1, 0.01]",7,70,"[0.1, 0.01]",100,0.9,1.5,0.7869159951160544,72,3
204,8,2,6,10,0.001,"slice(0.0001, 0.0002, None)",True,True,True,7,70,"[0.1, 0.01]",7,70,"[0.1, 0.01]",40,0.7,1.5,0.7225530523982578,34,0
205,8,2,6,10,0.001,"slice(0.0001, 0.0002, None)",True,True,True,7,70,"[0.1, 0.01]",7,70,"[0.1, 0.01]",40,0.9,1.5,0.7105531708410252,50,1
206,8,2,6,10,0.001,"slice(0.0001, 0.0002, None)",True,True,True,7,70,"[0.1, 0.01]",7,70,"[0.1, 0.01]",100,0.7,1.5,0.7225530523982578,34,2
207,8,2,6,10,0.001,"slice(0.0001, 0.0002, None)",True,True,True,7,70,"[0.1, 0.01]",7,70,"[0.1, 0.01]",100,0.9,1.5,0.7105531708410252,50,3
208,8,2,6,10,0.001,"slice(0.0001, 0.0002, None)",True,True,True,7,70,"[0.1, 0.01]",7,70,"[0.1, 0.01]",40,0.7,1.5,0.7741133091916784,54,0
209,8,2,6,10,0.001,"slice(0.0001, 0.0002, None)",True,True,True,7,70,"[0.1, 0.01]",7,70,"[0.1, 0.01]",40,0.9,1.5,0.7741133091916784,54,1
210,8,2,6,10,0.001,"slice(0.0001, 0.0002, None)",True,True,True,7,70,"[0.1, 0.01]",7,70,"[0.1, 0.01]",100,0.7,1.5,0.7741133091916784,54,2
211,8,2,6,10,0.001,"slice(0.0001, 0.0002, None)",True,True,True,7,70,"[0.1, 0.01]",7,70,"[0.1, 0.01]",100,0.9,1.5,0.7741133091916784,54,3
212,8,2,6,10,0.001,"slice(0.0001, 0.0002, None)",True,True,True,7,70,"[0.1, 0.01]",7,70,"[0.1, 0.01]",40,0.7,1.5,0.8166172381747782,3,0
213,8,2,6,10,0.001,"slice(0.0001, 0.0002, None)",True,True,True,7,70,"[0.1, 0.01]",7,70,"[0.1, 0.01]",40,0.9,1.5,0.8166172381747782,3,1
214,8,2,6,10,0.001,"slice(0.0001, 0.0002, None)",True,True,True,7,70,"[0.1, 0.01]",7,70,"[0.1, 0.01]",100,0.7,1.5,0.8166172381747782,3,2
215,8,2,6,10,0.001,"slice(0.0001, 0.0002, None)",True,True,True,7,70,"[0.1, 0.01]",7,70,"[0.1, 0.01]",100,0.9,1.5,0.8166172381747782,3,3
216,8,2,6,10,0.001,"slice(0.0001, 0.0002, None)",True,True,True,7,70,"[0.1, 0.01]",7,70,"[0.1, 0.01]",40,0.7,1.5,0.7644363591886825,0,0
217,8,2,6,10,0.001,"slice(0.0001, 0.0002, None)",True,True,True,7,70,"[0.1, 0.01]",7,70,"[0.1, 0.01]",40,0.9,1.5,0.7644363591886825,0,1
218,8,2,6,10,0.001,"slice(0.0001, 0.0002, None)",True,True,True,7,70,"[0.1, 0.01]",7,70,"[0.1, 0.01]",100,0.7,1.5,0.7646090809459085,1,2
219,8,2,6,10,0.001,"slice(0.0001, 0.0002, None)",True,True,True,7,70,"[0.1, 0.01]",7,70,"[0.1, 0.01]",100,0.9,1.5,0.7646090809459085,1,3
220,8,2,6,10,0.0001,"slice(0.0001, 0.0002, None)",True,True,True,7,70,"[0.1, 0.01]",7,70,"[0.1, 0.01]",40,0.7,1.5,0.8585920617512541,46,0
221,8,2,6,10,0.0001,"slice(0.0001, 0.0002, None)",True,True,True,7,70,"[0.1, 0.01]",7,70,"[0.1, 0.01]",40,0.9,1.5,0.7963485741116595,71,1
222,8,2,6,10,0.0001,"slice(0.0001, 0.0002, None)",True,True,True,7,70,"[0.1, 0.01]",7,70,"[0.1, 0.01]",100,0.7,1.5,0.8585920617512541,46,2
223,8,2,6,10,0.0001,"slice(0.0001, 0.0002, None)",True,True,True,7,70,"[0.1, 0.01]",7,70,"[0.1, 0.01]",100,0.9,1.5,0.7963485741116595,71,3
224,8,2,6,10,0.0001,"slice(0.0001, 0.0002, None)",True,True,True,7,70,"[0.1, 0.01]",7,70,"[0.1, 0.01]",40,0.7,1.5,0.7274446808395114,23,0
225,8,2,6,10,0.0001,"slice(0.0001, 0.0002, None)",True,True,True,7,70,"[0.1, 0.01]",7,70,"[0.1, 0.01]",40,0.9,1.5,0.7216581630686499,34,1
226,8,2,6,10,0.0001,"slice(0.0001, 0.0002, None)",True,True,True,7,70,"[0.1, 0.01]",7,70,"[0.1, 0.01]",100,0.7,1.5,0.7274446808395114,23,2
227,8,2,6,10,0.0001,"slice(0.0001, 0.0002, None)",True,True,True,7,70,"[0.1, 0.01]",7,70,"[0.1, 0.01]",100,0.9,1.5,0.7216581630686499,34,3
228,8,2,6,10,0.0001,"slice(0.0001, 0.0002, None)",True,True,True,7,70,"[0.1, 0.01]",7,70,"[0.1, 0.01]",40,0.7,1.5,0.7810633478723477,56,0
229,8,2,6,10,0.0001,"slice(0.0001, 0.0002, None)",True,True,True,7,70,"[0.1, 0.01]",7,70,"[0.1, 0.01]",40,0.9,1.5,0.7810633478723477,56,1
230,8,2,6,10,0.0001,"slice(0.0001, 0.0002, None)",True,True,True,7,70,"[0.1, 0.01]",7,70,"[0.1, 0.01]",100,0.7,1.5,0.7810633478723477,56,2
231,8,2,6,10,0.0001,"slice(0.0001, 0.0002, None)",True,True,True,7,70,"[0.1, 0.01]",7,70,"[0.1, 0.01]",100,0.9,1.5,0.7810633478723477,56,3
232,8,2,6,10,0.0001,"slice(0.0001, 0.0002, None)",True,True,True,7,70,"[0.1, 0.01]",7,70,"[0.1, 0.01]",40,0.7,1.5,0.8203588353826775,3,0
233,8,2,6,10,0.0001,"slice(0.0001, 0.0002, None)",True,True,True,7,70,"[0.1, 0.01]",7,70,"[0.1, 0.01]",40,0.9,1.5,0.8203588353826775,3,1
234,8,2,6,10,0.0001,"slice(0.0001, 0.0002, None)",True,True,True,7,70,"[0.1, 0.01]",7,70,"[0.1, 0.01]",100,0.7,1.5,0.8217753614856401,4,2
235,8,2,6,10,0.0001,"slice(0.0001, 0.0002, None)",True,True,True,7,70,"[0.1, 0.01]",7,70,"[0.1, 0.01]",100,0.9,1.5,0.8217753614856401,4,3
236,8,2,6,10,0.0001,"slice(0.0001, 0.0002, None)",True,True,True,7,70,"[0.1, 0.01]",7,70,"[0.1, 0.01]",40,0.7,1.5,0.762908024420529,0,0
237,8,2,6,10,0.0001,"slice(0.0001, 0.0002, None)",True,True,True,7,70,"[0.1, 0.01]",7,70,"[0.1, 0.01]",40,0.9,1.5,0.762908024420529,0,1
238,8,2,6,10,0.0001,"slice(0.0001, 0.0002, None)",True,True,True,7,70,"[0.1, 0.01]",7,70,"[0.1, 0.01]",100,0.7,1.5,0.762908024420529,0,2
239,8,2,6,10,0.0001,"slice(0.0001, 0.0002, None)",True,True,True,7,70,"[0.1, 0.01]",7,70,"[0.1, 0.01]",100,0.9,1.5,0.762908024420529,0,3
240,8,2,9,3,0.001,"slice(0.0001, 0.0002, None)",True,True,True,7,70,"[0.1, 0.01]",7,70,"[0.1, 0.01]",40,0.7,1.5,0.8128201363436963,34,0
241,8,2,9,3,0.001,"slice(0.0001, 0.0002, None)",True,True,True,7,70,"[0.1, 0.01]",7,70,"[0.1, 0.01]",40,0.9,1.5,0.7456169825256959,59,1
242,8,2,9,3,0.001,"slice(0.0001, 0.0002, None)",True,True,True,7,70,"[0.1, 0.01]",7,70,"[0.1, 0.01]",100,0.7,1.5,0.8342644045033544,35,2
243,8,2,9,3,0.001,"slice(0.0001, 0.0002, None)",True,True,True,7,70,"[0.1, 0.01]",7,70,"[0.1, 0.01]",100,0.9,1.5,0.7804584949760237,60,3
244,8,2,9,3,0.001,"slice(0.0001, 0.0002, None)",True,True,True,7,70,"[0.1, 0.01]",7,70,"[0.1, 0.01]",40,0.7,1.5,0.7181361594203788,27,0
245,8,2,9,3,0.001,"slice(0.0001, 0.0002, None)",True,True,True,7,70,"[0.1, 0.01]",7,70,"[0.1, 0.01]",40,0.9,1.5,0.7181361594203788,27,1
246,8,2,9,3,0.001,"slice(0.0001, 0.0002, None)",True,True,True,7,70,"[0.1, 0.01]",7,70,"[0.1, 0.01]",100,0.7,1.5,0.7181361594203788,27,2
247,8,2,9,3,0.001,"slice(0.0001, 0.0002, None)",True,True,True,7,70,"[0.1, 0.01]",7,70,"[0.1, 0.01]",100,0.9,1.5,0.7181361594203788,27,3
248,8,2,9,3,0.001,"slice(0.0001, 0.0002, None)",True,True,True,7,70,"[0.1, 0.01]",7,70,"[0.1, 0.01]",40,0.7,1.5,0.7735341510789132,53,0
249,8,2,9,3,0.001,"slice(0.0001, 0.0002, None)",True,True,True,7,70,"[0.1, 0.01]",7,70,"[0.1, 0.01]",40,0.9,1.5,0.7735341510789132,53,1
250,8,2,9,3,0.001,"slice(0.0001, 0.0002, None)",True,True,True,7,70,"[0.1, 0.01]",7,70,"[0.1, 0.01]",100,0.7,1.5,0.7735341510789132,53,2
251,8,2,9,3,0.001,"slice(0.0001, 0.0002, None)",True,True,True,7,70,"[0.1, 0.01]",7,70,"[0.1, 0.01]",100,0.9,1.5,0.7735341510789132,53,3
252,8,2,9,3,0.001,"slice(0.0001, 0.0002, None)",True,True,True,7,70,"[0.1, 0.01]",7,70,"[0.1, 0.01]",40,0.7,1.5,0.8188923354010855,7,0
253,8,2,9,3,0.001,"slice(0.0001, 0.0002, None)",True,True,True,7,70,"[0.1, 0.01]",7,70,"[0.1, 0.01]",40,0.9,1.5,0.8188923354010855,7,1
254,8,2,9,3,0.001,"slice(0.0001, 0.0002, None)",True,True,True,7,70,"[0.1, 0.01]",7,70,"[0.1, 0.01]",100,0.7,1.5,0.8164906444872115,6,2
255,8,2,9,3,0.001,"slice(0.0001, 0.0002, None)",True,True,True,7,70,"[0.1, 0.01]",7,70,"[0.1, 0.01]",100,0.9,1.5,0.8164906444872115,6,3
256,8,2,9,3,0.001,"slice(0.0001, 0.0002, None)",True,True,True,7,70,"[0.1, 0.01]",7,70,"[0.1, 0.01]",40,0.7,1.5,0.7617080336976945,0,0
257,8,2,9,3,0.001,"slice(0.0001, 0.0002, None)",True,True,True,7,70,"[0.1, 0.01]",7,70,"[0.1, 0.01]",40,0.9,1.5,0.7617080336976945,0,1
258,8,2,9,3,0.001,"slice(0.0001, 0.0002, None)",True,True,True,7,70,"[0.1, 0.01]",7,70,"[0.1, 0.01]",100,0.7,1.5,0.7617080336976945,0,2
259,8,2,9,3,0.001,"slice(0.0001, 0.0002, None)",True,True,True,7,70,"[0.1, 0.01]",7,70,"[0.1, 0.01]",100,0.9,1.5,0.7617080336976945,0,3
260,8,2,9,3,0.0001,"slice(0.0001, 0.0002, None)",True,True,True,7,70,"[0.1, 0.01]",7,70,"[0.1, 0.01]",40,0.7,1.5,0.7915583340350159,22,0
261,8,2,9,3,0.0001,"slice(0.0001, 0.0002, None)",True,True,True,7,70,"[0.1, 0.01]",7,70,"[0.1, 0.01]",40,0.9,1.5,0.7250512295418738,48,1
262,8,2,9,3,0.0001,"slice(0.0001, 0.0002, None)",True,True,True,7,70,"[0.1, 0.01]",7,70,"[0.1, 0.01]",100,0.7,1.5,0.8175379326991992,25,2
263,8,2,9,3,0.0001,"slice(0.0001, 0.0002, None)",True,True,True,7,70,"[0.1, 0.01]",7,70,"[0.1, 0.01]",100,0.9,1.5,0.7618478339285422,51,3
264,8,2,9,3,0.0001,"slice(0.0001, 0.0002, None)",True,True,True,7,70,"[0.1, 0.01]",7,70,"[0.1, 0.01]",40,0.7,1.5,0.7243280551253175,23,0
265,8,2,9,3,0.0001,"slice(0.0001, 0.0002, None)",True,True,True,7,70,"[0.1, 0.01]",7,70,"[0.1, 0.01]",40,0.9,1.5,0.7243280551253175,23,1
266,8,2,9,3,0.0001,"slice(0.0001, 0.0002, None)",True,True,True,7,70,"[0.1, 0.01]",7,70,"[0.1, 0.01]",100,0.7,1.5,0.7243280551253175,23,2
267,8,2,9,3,0.0001,"slice(0.0001, 0.0002, None)",True,True,True,7,70,"[0.1, 0.01]",7,70,"[0.1, 0.01]",100,0.9,1.5,0.7243280551253175,23,3
268,8,2,9,3,0.0001,"slice(0.0001, 0.0002, None)",True,True,True,7,70,"[0.1, 0.01]",7,70,"[0.1, 0.01]",40,0.7,1.5,0.7761044794198181,52,0
269,8,2,9,3,0.0001,"slice(0.0001, 0.0002, None)",True,True,True,7,70,"[0.1, 0.01]",7,70,"[0.1, 0.01]",40,0.9,1.5,0.7761044794198181,52,1
270,8,2,9,3,0.0001,"slice(0.0001, 0.0002, None)",True,True,True,7,70,"[0.1, 0.01]",7,70,"[0.1, 0.01]",100,0.7,1.5,0.7761044794198181,52,2
271,8,2,9,3,0.0001,"slice(0.0001, 0.0002, None)",True,True,True,7,70,"[0.1, 0.01]",7,70,"[0.1, 0.01]",100,0.9,1.5,0.7761044794198181,52,3
272,8,2,9,3,0.0001,"slice(0.0001, 0.0002, None)",True,True,True,7,70,"[0.1, 0.01]",7,70,"[0.1, 0.01]",40,0.7,1.5,0.8218995026153236,4,0
273,8,2,9,3,0.0001,"slice(0.0001, 0.0002, None)",True,True,True,7,70,"[0.1, 0.01]",7,70,"[0.1, 0.01]",40,0.9,1.5,0.8218995026153236,4,1
274,8,2,9,3,0.0001,"slice(0.0001, 0.0002, None)",True,True,True,7,70,"[0.1, 0.01]",7,70,"[0.1, 0.01]",100,0.7,1.5,0.8218995026153236,4,2
275,8,2,9,3,0.0001,"slice(0.0001, 0.0002, None)",True,True,True,7,70,"[0.1, 0.01]",7,70,"[0.1, 0.01]",100,0.9,1.5,0.8218995026153236,4,3
276,8,2,9,3,0.0001,"slice(0.0001, 0.0002, None)",True,True,True,7,70,"[0.1, 0.01]",7,70,"[0.1, 0.01]",40,0.7,1.5,0.7640841258543779,0,0
277,8,2,9,3,0.0001,"slice(0.0001, 0.0002, None)",True,True,True,7,70,"[0.1, 0.01]",7,70,"[0.1, 0.01]",40,0.9,1.5,0.7640841258543779,0,1
278,8,2,9,3,0.0001,"slice(0.0001, 0.0002, None)",True,True,True,7,70,"[0.1, 0.01]",7,70,"[0.1, 0.01]",100,0.7,1.5,0.7640841258543779,0,2
279,8,2,9,3,0.0001,"slice(0.0001, 0.0002, None)",True,True,True,7,70,"[0.1, 0.01]",7,70,"[0.1, 0.01]",100,0.9,1.5,0.7640841258543779,0,3
280,8,2,9,7,0.001,"slice(0.0001, 0.0002, None)",True,True,True,7,70,"[0.1, 0.01]",7,70,"[0.1, 0.01]",40,0.7,1.5,0.8138754112936475,45,0
281,8,2,9,7,0.001,"slice(0.0001, 0.0002, None)",True,True,True,7,70,"[0.1, 0.01]",7,70,"[0.1, 0.01]",40,0.9,1.5,0.7180407916494552,70,1
282,8,2,9,7,0.001,"slice(0.0001, 0.0002, None)",True,True,True,7,70,"[0.1, 0.01]",7,70,"[0.1, 0.01]",100,0.7,1.5,0.8539327388246685,47,2
283,8,2,9,7,0.001,"slice(0.0001, 0.0002, None)",True,True,True,7,70,"[0.1, 0.01]",7,70,"[0.1, 0.01]",100,0.9,1.5,0.7933052473973083,72,3
284,8,2,9,7,0.001,"slice(0.0001, 0.0002, None)",True,True,True,7,70,"[0.1, 0.01]",7,70,"[0.1, 0.01]",40,0.7,1.5,0.711871584386782,30,0
285,8,2,9,7,0.001,"slice(0.0001, 0.0002, None)",True,True,True,7,70,"[0.1, 0.01]",7,70,"[0.1, 0.01]",40,0.9,1.5,0.7093518558416845,48,1
286,8,2,9,7,0.001,"slice(0.0001, 0.0002, None)",True,True,True,7,70,"[0.1, 0.01]",7,70,"[0.1, 0.01]",100,0.7,1.5,0.711871584386782,30,2
287,8,2,9,7,0.001,"slice(0.0001, 0.0002, None)",True,True,True,7,70,"[0.1, 0.01]",7,70,"[0.1, 0.01]",100,0.9,1.5,0.7093518558416845,48,3
288,8,2,9,7,0.001,"slice(0.0001, 0.0002, None)",True,True,True,7,70,"[0.1, 0.01]",7,70,"[0.1, 0.01]",40,0.7,1.5,0.7781900146510912,53,0
289,8,2,9,7,0.001,"slice(0.0001, 0.0002, None)",True,True,True,7,70,"[0.1, 0.01]",7,70,"[0.1, 0.01]",40,0.9,1.5,0.7781900146510912,53,1
290,8,2,9,7,0.001,"slice(0.0001, 0.0002, None)",True,True,True,7,70,"[0.1, 0.01]",7,70,"[0.1, 0.01]",100,0.7,1.5,0.7781900146510912,53,2
291,8,2,9,7,0.001,"slice(0.0001, 0.0002, None)",True,True,True,7,70,"[0.1, 0.01]",7,70,"[0.1, 0.01]",100,0.9,1.5,0.7781900146510912,53,3
292,8,2,9,7,0.001,"slice(0.0001, 0.0002, None)",True,True,True,7,70,"[0.1, 0.01]",7,70,"[0.1, 0.01]",40,0.7,1.5,0.8191082644428243,5,0
293,8,2,9,7,0.001,"slice(0.0001, 0.0002, None)",True,True,True,7,70,"[0.1, 0.01]",7,70,"[0.1, 0.01]",40,0.9,1.5,0.8191082644428243,5,1
294,8,2,9,7,0.001,"slice(0.0001, 0.0002, None)",True,True,True,7,70,"[0.1, 0.01]",7,70,"[0.1, 0.01]",100,0.7,1.5,0.8191082644428243,5,2
295,8,2,9,7,0.001,"slice(0.0001, 0.0002, None)",True,True,True,7,70,"[0.1, 0.01]",7,70,"[0.1, 0.01]",100,0.9,1.5,0.8191082644428243,5,3
296,8,2,9,7,0.001,"slice(0.0001, 0.0002, None)",True,True,True,7,70,"[0.1, 0.01]",7,70,"[0.1, 0.01]",40,0.7,1.5,0.762303653069672,0,0
297,8,2,9,7,0.001,"slice(0.0001, 0.0002, None)",True,True,True,7,70,"[0.1, 0.01]",7,70,"[0.1, 0.01]",40,0.9,1.5,0.762303653069672,0,1
298,8,2,9,7,0.001,"slice(0.0001, 0.0002, None)",True,True,True,7,70,"[0.1, 0.01]",7,70,"[0.1, 0.01]",100,0.7,1.5,0.762303653069672,0,2
299,8,2,9,7,0.001,"slice(0.0001, 0.0002, None)",True,True,True,7,70,"[0.1, 0.01]",7,70,"[0.1, 0.01]",100,0.9,1.5,0.762303653069672,0,3
300,8,2,9,7,0.0001,"slice(0.0001, 0.0002, None)",True,True,True,7,70,"[0.1, 0.01]",7,70,"[0.1, 0.01]",40,0.7,1.5,0.8036153024052611,41,0
301,8,2,9,7,0.0001,"slice(0.0001, 0.0002, None)",True,True,True,7,70,"[0.1, 0.01]",7,70,"[0.1, 0.01]",40,0.9,1.5,0.7171471016087975,66,1
302,8,2,9,7,0.0001,"slice(0.0001, 0.0002, None)",True,True,True,7,70,"[0.1, 0.01]",7,70,"[0.1, 0.01]",100,0.7,1.5,0.8402933725033006,43,2
303,8,2,9,7,0.0001,"slice(0.0001, 0.0002, None)",True,True,True,7,70,"[0.1, 0.01]",7,70,"[0.1, 0.01]",100,0.9,1.5,0.7813812958126911,68,3
304,8,2,9,7,0.0001,"slice(0.0001, 0.0002, None)",True,True,True,7,70,"[0.1, 0.01]",7,70,"[0.1, 0.01]",40,0.7,1.5,0.7175365459246088,36,0
305,8,2,9,7,0.0001,"slice(0.0001, 0.0002, None)",True,True,True,7,70,"[0.1, 0.01]",7,70,"[0.1, 0.01]",40,0.9,1.5,0.7085283143544148,45,1
306,8,2,9,7,0.0001,"slice(0.0001, 0.0002, None)",True,True,True,7,70,"[0.1, 0.01]",7,70,"[0.1, 0.01]",100,0.7,1.5,0.7175365459246088,36,2
307,8,2,9,7,0.0001,"slice(0.0001, 0.0002, None)",True,True,True,7,70,"[0.1, 0.01]",7,70,"[0.1, 0.01]",100,0.9,1.5,0.7085283143544148,45,3
308,8,2,9,7,0.0001,"slice(0.0001, 0.0002, None)",True,True,True,7,70,"[0.1, 0.01]",7,70,"[0.1, 0.01]",40,0.7,1.5,0.7728526595080187,71,0
309,8,2,9,7,0.0001,"slice(0.0001, 0.0002, None)",True,True,True,7,70,"[0.1, 0.01]",7,70,"[0.1, 0.01]",40,0.9,1.5,0.7728526595080187,71,1
310,8,2,9,7,0.0001,"slice(0.0001, 0.0002, None)",True,True,True,7,70,"[0.1, 0.01]",7,70,"[0.1, 0.01]",100,0.7,1.5,0.7728526595080187,71,2
311,8,2,9,7,0.0001,"slice(0.0001, 0.0002, None)",True,True,True,7,70,"[0.1, 0.01]",7,70,"[0.1, 0.01]",100,0.9,1.5,0.7728526595080187,71,3
312,8,2,9,7,0.0001,"slice(0.0001, 0.0002, None)",True,True,True,7,70,"[0.1, 0.01]",7,70,"[0.1, 0.01]",40,0.7,1.5,0.8232726203264322,3,0
313,8,2,9,7,0.0001,"slice(0.0001, 0.0002, None)",True,True,True,7,70,"[0.1, 0.01]",7,70,"[0.1, 0.01]",40,0.9,1.5,0.8232726203264322,3,1
314,8,2,9,7,0.0001,"slice(0.0001, 0.0002, None)",True,True,True,7,70,"[0.1, 0.01]",7,70,"[0.1, 0.01]",100,0.7,1.5,0.8232726203264322,3,2
315,8,2,9,7,0.0001,"slice(0.0001, 0.0002, None)",True,True,True,7,70,"[0.1, 0.01]",7,70,"[0.1, 0.01]",100,0.9,1.5,0.8232726203264322,3,3
316,8,2,9,7,0.0001,"slice(0.0001, 0.0002, None)",True,True,True,7,70,"[0.1, 0.01]",7,70,"[0.1, 0.01]",40,0.7,1.5,0.7613679637660183,0,0
317,8,2,9,7,0.0001,"slice(0.0001, 0.0002, None)",True,True,True,7,70,"[0.1, 0.01]",7,70,"[0.1, 0.01]",40,0.9,1.5,0.7613679637660183,0,1
318,8,2,9,7,0.0001,"slice(0.0001, 0.0002, None)",True,True,True,7,70,"[0.1, 0.01]",7,70,"[0.1, 0.01]",100,0.7,1.5,0.7613679637660183,0,2
319,8,2,9,7,0.0001,"slice(0.0001, 0.0002, None)",True,True,True,7,70,"[0.1, 0.01]",7,70,"[0.1, 0.01]",100,0.9,1.5,0.7613679637660183,0,3
320,8,2,9,10,0.001,"slice(0.0001, 0.0002, None)",True,True,True,7,70,"[0.1, 0.01]",7,70,"[0.1, 0.01]",40,0.7,1.5,0.8424050195792615,30,0
321,8,2,9,10,0.001,"slice(0.0001, 0.0002, None)",True,True,True,7,70,"[0.1, 0.01]",7,70,"[0.1, 0.01]",40,0.9,1.5,0.7911710018071734,56,1
322,8,2,9,10,0.001,"slice(0.0001, 0.0002, None)",True,True,True,7,70,"[0.1, 0.01]",7,70,"[0.1, 0.01]",100,0.7,1.5,0.8420101632947404,30,2
323,8,2,9,10,0.001,"slice(0.0001, 0.0002, None)",True,True,True,7,70,"[0.1, 0.01]",7,70,"[0.1, 0.01]",100,0.9,1.5,0.7928849772208088,55,3
324,8,2,9,10,0.001,"slice(0.0001, 0.0002, None)",True,True,True,7,70,"[0.1, 0.01]",7,70,"[0.1, 0.01]",40,0.7,1.5,0.7077923103038737,48,0
325,8,2,9,10,0.001,"slice(0.0001, 0.0002, None)",True,True,True,7,70,"[0.1, 0.01]",7,70,"[0.1, 0.01]",40,0.9,1.5,0.7077923103038737,48,1
326,8,2,9,10,0.001,"slice(0.0001, 0.0002, None)",True,True,True,7,70,"[0.1, 0.01]",7,70,"[0.1, 0.01]",100,0.7,1.5,0.7077923103038737,48,2
327,8,2,9,10,0.001,"slice(0.0001, 0.0002, None)",True,True,True,7,70,"[0.1, 0.01]",7,70,"[0.1, 0.01]",100,0.9,1.5,0.7077923103038737,48,3
328,8,2,9,10,0.001,"slice(0.0001, 0.0002, None)",True,True,True,7,70,"[0.1, 0.01]",7,70,"[0.1, 0.01]",40,0.7,1.5,0.7724234372032872,53,0
329,8,2,9,10,0.001,"slice(0.0001, 0.0002, None)",True,True,True,7,70,"[0.1, 0.01]",7,70,"[0.1, 0.01]",40,0.9,1.5,0.7724234372032872,53,1
330,8,2,9,10,0.001,"slice(0.0001, 0.0002, None)",True,True,True,7,70,"[0.1, 0.01]",7,70,"[0.1, 0.01]",100,0.7,1.5,0.7724234372032872,53,2
331,8,2,9,10,0.001,"slice(0.0001, 0.0002, None)",True,True,True,7,70,"[0.1, 0.01]",7,70,"[0.1, 0.01]",100,0.9,1.5,0.7724234372032872,53,3
332,8,2,9,10,0.001,"slice(0.0001, 0.0002, None)",True,True,True,7,70,"[0.1, 0.01]",7,70,"[0.1, 0.01]",40,0.7,1.5,0.8173901794524647,3,0
333,8,2,9,10,0.001,"slice(0.0001, 0.0002, None)",True,True,True,7,70,"[0.1, 0.01]",7,70,"[0.1, 0.01]",40,0.9,1.5,0.8173901794524647,3,1
334,8,2,9,10,0.001,"slice(0.0001, 0.0002, None)",True,True,True,7,70,"[0.1, 0.01]",7,70,"[0.1, 0.01]",100,0.7,1.5,0.8173901794524647,3,2
335,8,2,9,10,0.001,"slice(0.0001, 0.0002, None)",True,True,True,7,70,"[0.1, 0.01]",7,70,"[0.1, 0.01]",100,0.9,1.5,0.8173901794524647,3,3
336,8,2,9,10,0.001,"slice(0.0001, 0.0002, None)",True,True,True,7,70,"[0.1, 0.01]",7,70,"[0.1, 0.01]",40,0.7,1.5,0.7616164800440399,0,0
337,8,2,9,10,0.001,"slice(0.0001, 0.0002, None)",True,True,True,7,70,"[0.1, 0.01]",7,70,"[0.1, 0.01]",40,0.9,1.5,0.7616164800440399,0,1
338,8,2,9,10,0.001,"slice(0.0001, 0.0002, None)",True,True,True,7,70,"[0.1, 0.01]",7,70,"[0.1, 0.01]",100,0.7,1.5,0.7616164800440399,0,2
339,8,2,9,10,0.001,"slice(0.0001, 0.0002, None)",True,True,True,7,70,"[0.1, 0.01]",7,70,"[0.1, 0.01]",100,0.9,1.5,0.7616164800440399,0,3
340,8,2,9,10,0.0001,"slice(0.0001, 0.0002, None)",True,True,True,7,70,"[0.1, 0.01]",7,70,"[0.1, 0.01]",40,0.7,1.5,0.8549535908987691,41,0
341,8,2,9,10,0.0001,"slice(0.0001, 0.0002, None)",True,True,True,7,70,"[0.1, 0.01]",7,70,"[0.1, 0.01]",40,0.9,1.5,0.8046126155816331,67,1
342,8,2,9,10,0.0001,"slice(0.0001, 0.0002, None)",True,True,True,7,70,"[0.1, 0.01]",7,70,"[0.1, 0.01]",100,0.7,1.5,0.8550000516850904,40,2
343,8,2,9,10,0.0001,"slice(0.0001, 0.0002, None)",True,True,True,7,70,"[0.1, 0.01]",7,70,"[0.1, 0.01]",100,0.9,1.5,0.8064366265666267,66,3
344,8,2,9,10,0.0001,"slice(0.0001, 0.0002, None)",True,True,True,7,70,"[0.1, 0.01]",7,70,"[0.1, 0.01]",40,0.7,1.5,0.7281473454213295,26,0
345,8,2,9,10,0.0001,"slice(0.0001, 0.0002, None)",True,True,True,7,70,"[0.1, 0.01]",7,70,"[0.1, 0.01]",40,0.9,1.5,0.7146485459979849,45,1
346,8,2,9,10,0.0001,"slice(0.0001, 0.0002, None)",True,True,True,7,70,"[0.1, 0.01]",7,70,"[0.1, 0.01]",100,0.7,1.5,0.7281473454213295,26,2
347,8,2,9,10,0.0001,"slice(0.0001, 0.0002, None)",True,True,True,7,70,"[0.1, 0.01]",7,70,"[0.1, 0.01]",100,0.9,1.5,0.7146485459979849,45,3
348,8,2,9,10,0.0001,"slice(0.0001, 0.0002, None)",True,True,True,7,70,"[0.1, 0.01]",7,70,"[0.1, 0.01]",40,0.7,1.5,0.7792214024212124,53,0
349,8,2,9,10,0.0001,"slice(0.0001, 0.0002, None)",True,True,True,7,70,"[0.1, 0.01]",7,70,"[0.1, 0.01]",40,0.9,1.5,0.7792214024212124,53,1
350,8,2,9,10,0.0001,"slice(0.0001, 0.0002, None)",True,True,True,7,70,"[0.1, 0.01]",7,70,"[0.1, 0.01]",100,0.7,1.5,0.7792214024212124,53,2
351,8,2,9,10,0.0001,"slice(0.0001, 0.0002, None)",True,True,True,7,70,"[0.1, 0.01]",7,70,"[0.1, 0.01]",100,0.9,1.5,0.7792214024212124,53,3
352,8,2,9,10,0.0001,"slice(0.0001, 0.0002, None)",True,True,True,7,70,"[0.1, 0.01]",7,70,"[0.1, 0.01]",40,0.7,1.5,0.8192929809153229,4,0
353,8,2,9,10,0.0001,"slice(0.0001, 0.0002, None)",True,True,True,7,70,"[0.1, 0.01]",7,70,"[0.1, 0.01]",40,0.9,1.5,0.8192929809153229,4,1
354,8,2,9,10,0.0001,"slice(0.0001, 0.0002, None)",True,True,True,7,70,"[0.1, 0.01]",7,70,"[0.1, 0.01]",100,0.7,1.5,0.8215446475538549,5,2
355,8,2,9,10,0.0001,"slice(0.0001, 0.0002, None)",True,True,True,7,70,"[0.1, 0.01]",7,70,"[0.1, 0.01]",100,0.9,1.5,0.8215446475538549,5,3
356,8,2,9,10,0.0001,"slice(0.0001, 0.0002, None)",True,True,True,7,70,"[0.1, 0.01]",7,70,"[0.1, 0.01]",40,0.7,1.5,0.7606845363315908,0,0
357,8,2,9,10,0.0001,"slice(0.0001, 0.0002, None)",True,True,True,7,70,"[0.1, 0.01]",7,70,"[0.1, 0.01]",40,0.9,1.5,0.7606845363315908,0,1
358,8,2,9,10,0.0001,"slice(0.0001, 0.0002, None)",True,True,True,7,70,"[0.1, 0.01]",7,70,"[0.1, 0.01]",100,0.7,1.5,0.7606845363315908,0,2
359,8,2,9,10,0.0001,"slice(0.0001, 0.0002, None)",True,True,True,7,70,"[0.1, 0.01]",7,70,"[0.1, 0.01]",100,0.9,1.5,0.7606845363315908,0,3
